INDUSINDBK.csv,Reliance.csv,Bajaj_Finserv.csv,Axis.csv,Kotakbank.csv,TITAN.csv,TECHM.csv,LT.csv,MarutiSuzuki.csv,TATASTEEL.csv,Bharti_Airtel.csv,HDFC_BANK.csv,Nestle_India.csv,TCS.csv,ITC.csv,HEROMOTOCO.csv,icici.csv,ONGC.csv,HCL.csv,POWERGRID.csv,BAJAJ-AUTO.csv,HU.csv,Infosys.csv,ULTRACEMCO.csv,SBI.csv,Sun_Pharma.csv,NTPC.csv,MnM.csv,AsianPaints.csv,HDFC.csv
1009.55,2203.3,1240.65,839.9,1692.15,2493.35,1101.95,2166.15,8242.9,102.1,762.45,1560.65,18953.1,3120.5,378.7,2313.35,852.4,149.4,1051.75,222.4,3827.9,2480.8,1380.65,7405.65,505.35,972.85,172.7,1150.8,2798.5,2559.9
1018.25,2247.8,1290.0,848.8,1679.7,2519.05,1099.45,2206.65,8353.2,104.9,763.55,1563.15,19044.45,3124.65,380.65,2362.5,855.45,152.8,1065.9,222.15,3862.95,2485.1,1374.55,7407.95,512.75,977.65,174.6,1164.95,2797.8,2569.85
1031.15,2276.6,1294.55,849.65,1705.15,2508.15,1099.6,2213.95,8252.4,104.8,756.7,1575.8,18819.7,3130.8,377.75,2353.2,860.2,151.55,1081.45,224.1,3923.95,2476.35,1389.25,7396.65,521.55,972.05,174.35,1164.1,2839.85,2584.2
1022.85,2269.7,1268.1,855.6,1706.85,2514.05,1095.65,2208.45,8228.4,104.75,756.95,1579.45,18927.4,3106.1,376.95,2349.05,852.4,151.55,1083.9,223.15,3905.7,2462.6,1390.7,7352.75,521.85,956.2,177.1,1160.3,2839.1,2580.7
1002.3,2201.25,1245.4,837.55,1699.65,2459.95,1109.0,2177.55,8219.6,104.5,754.8,1561.75,18937.85,3143.3,378.8,2339.35,836.45,152.3,1090.85,227.5,3805.0,2511.2,1403.65,7243.2,519.2,961.2,176.0,1167.65,2855.15,2554.7
1020.5,2223.1,1301.75,837.4,1693.1,2455.65,1127.15,2195.75,8316.85,107.0,757.25,1572.65,18858.15,3179.3,375.55,2355.15,836.25,153.15,1108.45,229.7,3814.4,2447.4,1420.7,7289.95,529.8,957.7,176.95,1171.5,2862.65,2564.15
1017.8,2225.9,1293.6,830.55,1663.55,2450.35,1117.75,2173.6,8437.45,105.05,745.95,1551.9,18450.65,3185.0,381.45,2370.95,823.9,152.2,1072.4,232.15,3800.2,2459.35,1404.1,7104.6,524.5,967.4,179.6,1167.05,2893.25,2531.6
1044.35,2237.05,1282.6,824.05,1665.95,2399.1,1114.4,2176.65,8474.95,108.65,756.65,1541.9,17993.35,3198.9,379.4,2379.45,825.9,152.55,1079.65,228.3,3730.0,2406.1,1419.65,7100.75,517.55,951.4,178.2,1160.35,2827.4,2528.85
1064.0,2275.95,1280.55,832.85,1648.25,2355.6,1115.3,2144.2,8512.15,106.4,771.8,1564.35,18264.65,3214.95,379.7,2373.45,830.35,153.3,1084.05,225.2,3752.9,2442.45,1420.0,7063.95,525.4,957.2,177.9,1160.8,2745.6,2557.45
1060.1,2284.5,1295.7,832.35,1673.9,2332.0,1133.8,2133.85,8518.4,106.8,765.3,1568.55,18317.45,3281.95,383.65,2387.05,828.4,155.8,1098.6,226.1,3778.45,2455.1,1435.1,7075.6,530.0,954.1,179.7,1193.45,2784.2,2575.25
1144.8,2322.7,1328.85,851.9,1699.3,2375.5,1061.25,2157.85,8601.55,108.1,773.75,1588.65,18485.75,3331.0,388.0,2440.3,842.65,155.8,1116.3,226.55,3821.9,2465.45,1471.55,7226.4,547.35,955.55,180.75,1226.7,2830.2,2608.9
1169.8,2359.25,1352.55,867.8,1716.7,2368.25,1060.0,2193.2,8541.95,108.2,773.4,1630.7,18535.7,3336.85,387.5,2443.8,855.95,156.3,1116.65,225.8,3813.5,2461.4,1480.4,7242.95,558.9,952.7,179.45,1248.15,2853.55,2667.1
1174.25,2417.35,1380.8,860.95,1740.2,2397.1,1078.3,2170.8,8693.9,106.5,766.55,1630.55,18518.25,3390.4,392.4,2478.05,872.1,158.25,1120.65,228.05,3811.2,2485.1,1492.7,7267.25,564.8,957.5,178.85,1289.95,2859.55,2679.45
1120.6,2408.7,1380.8,859.5,1751.0,2403.45,1090.05,2141.15,8631.45,105.65,766.6,1627.3,18514.85,3371.85,388.15,2479.7,867.75,158.2,1126.7,227.15,3723.05,2484.85,1507.45,7200.6,561.7,965.25,176.8,1270.45,2864.55,2674.75
1126.4,2385.4,1355.35,852.65,1751.0,2396.1,1085.15,2152.05,8601.25,107.0,764.4,1615.9,18449.9,3342.15,384.95,2461.55,868.55,154.25,1119.0,222.1,3732.0,2471.0,1479.3,7215.95,561.2,966.9,172.6,1268.6,2828.85,2646.1
1102.05,2326.05,1343.55,845.45,1721.7,2358.95,1109.8,2121.6,8548.75,104.65,740.1,1584.45,18481.75,3321.45,375.55,2463.35,854.0,154.05,1105.95,220.35,3715.25,2455.35,1472.15,7289.2,533.75,965.3,170.8,1251.55,2833.9,2603.1
1100.45,2343.9,1343.9,865.15,1744.9,2382.4,1126.9,2115.3,8764.15,105.5,750.2,1598.05,18778.85,3385.7,378.7,2431.1,856.3,154.8,1101.1,218.9,3731.65,2466.25,1496.05,7274.15,536.7,959.3,172.25,1272.15,2840.9,2618.3
1077.7,2322.55,1334.9,844.1,1729.25,2372.8,1100.25,2109.15,8624.35,103.95,742.25,1599.6,18670.0,3312.85,376.7,2419.1,854.85,152.05,1077.6,222.25,3661.2,2460.65,1487.55,7261.3,522.8,956.6,170.5,1269.6,2828.8,2609.45
1081.95,2367.85,1357.4,854.35,1725.95,2401.0,1113.95,2113.7,8632.2,106.1,752.9,1592.9,18622.75,3331.85,382.2,2437.55,856.4,155.25,1083.95,219.2,3639.85,2468.15,1509.3,7186.65,527.7,965.05,172.4,1257.4,2749.9,2592.15
1079.15,2383.7,1359.0,851.4,1697.3,2399.1,1119.0,2134.05,8660.5,109.75,757.1,1588.95,18680.9,3400.45,385.1,2485.65,839.7,155.0,1094.85,215.05,3849.95,2484.2,1550.65,7216.7,521.05,970.5,171.0,1280.2,2738.5,2577.15
1075.6,2367.5,1346.95,844.35,1707.15,2394.5,1128.8,2159.15,8696.25,112.05,762.95,1603.25,18648.0,3413.8,387.6,2495.5,839.75,154.65,1094.35,213.25,3831.9,2490.65,1550.7,7176.95,521.0,972.5,169.6,1313.95,2705.95,2600.5
1092.75,2378.9,1360.95,833.35,1700.55,2431.55,1125.7,2194.75,8658.95,111.15,772.15,1614.2,18674.15,3401.55,383.85,2499.45,839.25,153.6,1092.6,214.65,3840.7,2494.05,1561.8,7205.75,516.35,968.55,170.5,1319.75,2795.95,2617.3
1101.75,2434.1,1394.3,844.05,1730.2,2463.6,1134.45,2229.45,8669.85,113.15,779.05,1646.5,18848.7,3451.0,382.25,2520.55,854.2,154.1,1105.2,217.2,3837.1,2516.15,1579.5,7340.55,523.45,971.6,173.25,1351.85,2817.1,2666.4
1109.3,2414.4,1404.6,846.75,1737.3,2474.15,1144.2,2225.5,8693.65,112.35,779.15,1640.35,18823.05,3487.3,384.05,2527.45,852.1,154.85,1115.7,215.8,3903.8,2511.45,1592.45,7426.85,525.15,984.4,167.9,1346.25,2825.55,2655.9
1114.7,2440.2,1414.05,854.9,1759.25,2500.3,1129.2,2226.35,8807.75,112.25,776.8,1655.9,19021.3,3501.15,383.4,2535.55,862.65,156.6,1109.55,213.8,3894.3,2515.5,1583.8,7297.85,531.0,984.5,168.05,1341.5,2833.6,2693.6
1148.35,2430.05,1428.2,864.75,1787.95,2522.4,1130.25,2178.3,8805.1,112.0,784.45,1664.25,19628.85,3558.05,382.55,2556.7,869.45,155.9,1128.15,214.6,3906.6,2527.1,1601.8,7171.75,540.1,995.15,167.4,1368.15,2805.95,2700.5
1149.6,2431.95,1420.8,868.3,1785.5,2524.3,1071.4,2175.05,8845.35,110.3,785.4,1670.3,19260.95,3520.65,382.2,2572.0,870.8,147.5,1132.9,214.5,3905.4,2548.45,1597.05,7151.85,542.25,995.4,165.8,1379.35,2786.15,2703.9
1156.85,2378.1,1398.6,870.75,1770.35,2506.9,1012.05,2191.65,8774.45,109.25,775.2,1673.7,19082.9,3500.1,386.45,2542.5,865.3,148.45,1125.45,215.0,3876.1,2579.6,1593.25,7139.2,540.85,1006.75,166.05,1363.15,2777.0,2718.75
1157.35,2323.35,1388.55,859.1,1773.8,2519.05,1002.5,2203.3,8809.45,108.75,768.6,1658.35,19026.8,3482.4,374.2,2561.55,850.65,148.15,1113.0,216.0,3883.5,2581.0,1567.45,7179.25,537.5,1015.25,167.85,1353.0,2790.75,2699.85
1161.2,2336.65,1401.75,867.25,1772.05,2468.5,1017.35,2163.85,8811.35,108.8,771.95,1657.1,19023.85,3537.55,371.35,2583.3,853.85,146.7,1115.65,214.1,3831.65,2577.5,1608.55,7206.05,553.05,1006.6,165.0,1365.45,2804.6,2688.7
1163.8,2356.05,1400.25,867.7,1770.9,2462.55,1016.0,2147.4,8801.2,111.25,766.65,1650.55,19000.3,3540.85,374.25,2559.2,860.8,146.2,1146.35,212.85,3845.75,2586.7,1617.0,7179.75,550.8,1006.8,166.0,1372.2,2814.6,2673.25
1145.35,2351.95,1368.9,871.75,1765.5,2466.75,1011.05,2130.85,8834.7,111.45,775.1,1654.0,18994.9,3520.1,375.55,2614.65,859.1,143.9,1145.0,212.0,3880.3,2582.8,1590.5,7250.35,549.75,1013.0,165.5,1373.05,2765.6,2685.8
1142.9,2305.9,1350.4,879.1,1775.4,2446.9,1002.45,2165.3,8762.45,111.45,785.9,1654.2,18978.0,3472.55,373.25,2652.6,852.75,144.65,1128.25,216.85,3879.45,2601.2,1562.4,7071.8,547.1,1006.4,165.25,1366.7,2758.05,2679.2
1129.15,2311.45,1343.05,882.65,1747.0,2458.0,1005.35,2156.1,8908.0,117.45,789.25,1651.75,19021.5,3459.95,383.4,2695.0,853.7,143.5,1145.7,217.05,3849.1,2637.6,1569.85,7127.25,545.4,1023.35,166.05,1376.0,2754.2,2683.15
1103.55,2329.0,1337.45,882.6,1780.3,2463.1,1011.3,2166.55,8942.3,120.35,792.9,1658.8,19004.3,3482.3,380.65,2654.25,863.8,144.3,1146.15,214.85,3852.55,2648.75,1599.4,7189.2,544.2,1028.15,165.55,1388.0,2760.4,2694.65
1075.9,2326.95,1271.9,868.45,1761.75,2308.1,1016.65,2144.9,8870.15,119.95,777.75,1603.35,18954.6,3460.4,378.6,2660.95,857.9,143.45,1149.6,212.7,3790.7,2634.85,1583.75,7167.65,528.1,1007.6,166.9,1352.4,2705.65,2613.3
1041.85,2339.9,1268.3,857.25,1744.7,2345.9,1023.75,2145.55,8768.85,122.05,769.1,1627.55,19089.85,3408.35,361.4,2727.25,847.95,144.25,1132.1,216.55,3811.3,2574.25,1551.1,7141.4,527.35,1014.9,170.0,1352.05,2743.75,2661.7
1082.95,2353.85,1342.45,871.6,1731.0,2377.15,1015.0,2124.4,8895.3,119.7,770.3,1603.5,19017.75,3358.7,352.35,2763.25,831.9,144.9,1122.2,216.65,3818.25,2576.75,1533.75,7085.55,553.5,1034.5,171.15,1378.75,2725.85,2622.95
1089.05,2359.75,1343.85,871.85,1726.25,2335.55,1036.1,2112.9,8817.0,118.75,770.2,1614.15,19165.9,3433.65,344.8,2702.3,823.5,144.9,1134.75,211.85,3841.15,2568.15,1538.8,6887.7,538.2,1051.7,168.85,1331.6,2766.2,2648.2
1116.4,2337.35,1314.2,873.75,1713.1,2331.25,1030.1,2159.85,8737.5,120.65,774.5,1615.8,19216.35,3411.05,346.0,2736.15,817.2,147.65,1115.6,219.25,3936.75,2612.15,1519.15,6715.6,539.95,1043.4,166.3,1320.2,2722.65,2661.5
1156.15,2382.55,1314.35,892.35,1749.8,2356.6,1051.15,2174.7,8784.1,121.0,776.5,1648.65,19235.5,3429.75,339.25,2785.0,855.3,152.45,1122.75,219.4,3717.4,2622.35,1543.0,6705.1,568.7,1040.05,165.9,1311.5,2775.0,2710.6
1212.3,2415.95,1332.7,910.2,1760.25,2370.75,1070.6,2207.5,8698.8,120.4,775.65,1695.5,19290.7,3436.3,338.95,2771.9,870.75,152.15,1137.85,220.95,3686.5,2600.5,1551.9,6809.7,594.35,1040.7,166.05,1323.9,2810.6,2775.4
1204.7,2430.3,1332.75,932.7,1783.75,2364.7,1065.3,2233.5,8417.1,122.0,772.7,1673.1,19367.1,3414.9,337.75,2774.6,871.7,152.35,1121.2,225.1,3623.55,2596.4,1548.0,6849.75,600.45,1049.3,166.85,1328.45,2784.45,2741.9
1202.45,2442.65,1333.2,930.55,1762.9,2371.3,1046.5,2249.95,8439.8,122.95,764.45,1660.95,19200.05,3363.1,334.6,2746.45,870.35,151.6,1107.8,223.25,3572.75,2548.75,1525.55,7177.15,592.2,1030.35,168.7,1314.75,2787.8,2715.95
1200.55,2472.05,1355.15,928.7,1767.3,2385.05,1053.3,2273.1,8501.65,123.55,772.0,1644.1,19681.1,3373.1,332.15,2769.55,866.15,151.75,1111.4,220.75,3575.95,2649.75,1538.9,7212.35,589.85,1040.55,168.7,1319.55,2866.15,2691.7
1223.0,2474.7,1367.3,924.0,1799.1,2424.1,1048.35,2266.5,8494.05,122.45,776.55,1637.3,19823.35,3390.0,334.65,2769.95,869.5,149.25,1115.15,219.35,3609.9,2686.2,1545.4,7283.45,591.45,1040.1,169.45,1322.15,2945.25,2687.65
1230.35,2478.8,1372.9,917.7,1797.65,2407.95,1046.05,2213.1,8479.35,119.35,765.7,1608.9,19945.75,3378.4,332.25,2766.85,865.15,147.85,1111.05,218.4,3606.95,2667.55,1539.5,7377.65,592.95,1032.7,167.7,1320.85,2940.9,2640.65
1239.25,2444.1,1383.9,913.15,1784.8,2405.85,1034.45,2137.2,8380.1,119.95,759.15,1585.3,19735.6,3334.05,330.2,2758.6,865.25,147.6,1093.7,215.65,3583.15,2597.1,1525.5,7284.85,603.0,1035.45,165.95,1315.6,2916.05,2594.8
1234.4,2467.6,1391.15,934.15,1780.3,2417.2,1003.15,2153.4,8453.4,120.45,764.3,1600.65,19784.35,3374.55,328.75,2728.45,873.45,146.95,1077.8,214.0,3605.3,2624.0,1503.65,7248.9,600.1,1031.6,167.8,1328.15,2909.15,2621.65
1209.15,2471.6,1387.8,935.55,1779.5,2446.6,1001.55,2159.75,8369.2,118.1,756.9,1599.4,19873.25,3334.35,329.85,2694.25,860.65,146.15,1071.65,213.5,3570.3,2590.05,1480.6,7153.35,594.9,1032.85,165.95,1319.9,2915.95,2612.8
1213.25,2526.15,1399.7,949.75,1801.85,2437.4,1006.35,2125.35,8284.45,118.85,765.55,1590.9,19758.3,3328.7,331.8,2693.75,866.3,146.8,1054.8,211.95,3538.05,2593.25,1471.25,7021.95,596.7,1028.0,166.05,1312.6,2940.4,2594.85
1227.55,2558.4,1413.3,952.15,1795.55,2468.2,1002.65,2106.65,8293.15,118.85,792.85,1568.3,20023.95,3286.4,333.4,2712.05,861.35,149.35,1063.85,211.8,3574.2,2643.85,1469.75,6920.3,595.15,1011.85,167.95,1314.9,2960.35,2575.35
1218.65,2596.8,1414.0,958.75,1811.9,2484.65,1015.25,2121.7,8377.0,117.55,819.4,1597.5,20085.7,3319.95,338.05,2752.35,873.35,148.15,1067.45,209.1,3620.75,2624.05,1484.45,7034.85,607.7,1016.85,170.4,1310.35,2984.15,2615.9
1181.9,2536.9,1430.35,939.9,1786.8,2538.1,986.15,2086.55,8383.05,115.65,796.0,1594.4,19885.25,3211.55,335.05,2742.55,870.1,147.35,1032.8,208.1,3642.25,2576.45,1448.5,6982.2,600.65,1008.7,169.0,1264.9,2978.4,2596.0
1215.85,2514.05,1468.85,949.55,1820.3,2562.1,1011.65,2087.35,8461.1,116.55,807.1,1599.7,19776.0,3311.1,333.45,2767.15,879.15,146.5,1044.1,208.8,3621.15,2583.7,1475.2,7007.0,605.1,1016.2,169.9,1252.65,3004.35,2621.6
1223.1,2518.55,1547.85,957.45,1820.75,2597.55,1020.3,2070.55,8422.8,115.75,811.8,1610.05,19519.9,3314.65,327.0,2709.3,899.1,146.25,1036.6,211.05,3552.85,2536.1,1494.8,7005.35,605.2,1004.1,166.6,1236.2,3016.85,2625.7
1240.95,2557.05,1563.0,962.3,1832.85,2613.6,1023.8,2088.95,8382.75,118.45,817.6,1639.35,19727.3,3311.35,331.1,2720.4,901.35,149.55,1041.35,215.6,3601.7,2542.05,1522.55,6993.6,612.4,1009.1,167.6,1249.3,3028.25,2664.7
1226.35,2575.9,1552.5,941.6,1825.05,2565.75,1009.5,2089.45,8403.3,119.25,813.5,1628.7,19561.55,3261.45,332.85,2715.9,902.45,150.45,1039.45,215.05,3573.95,2558.4,1524.0,7017.95,612.2,997.0,168.0,1262.85,3047.25,2652.4
1220.1,2547.2,1547.85,933.75,1827.25,2597.5,1016.4,2085.8,8394.6,112.65,806.1,1628.15,19606.0,3256.7,331.55,2738.85,890.85,146.75,1039.3,213.7,3616.05,2561.05,1508.2,6959.05,613.7,1001.4,166.45,1249.2,3087.9,2637.6
1231.15,2543.3,1511.7,934.55,1818.75,2553.25,1013.2,2110.9,8435.8,111.75,820.75,1641.3,19808.0,3268.75,335.35,2722.2,908.05,144.65,1044.45,215.75,3568.8,2568.05,1517.55,6982.2,611.8,1000.55,166.75,1262.35,3115.15,2675.4
1214.15,2544.45,1522.7,924.7,1820.1,2580.15,1016.25,2121.1,8421.05,110.0,803.8,1629.8,19843.6,3257.1,334.4,2696.6,898.95,143.9,1035.45,215.75,3586.85,2583.6,1510.15,7053.8,601.05,995.0,165.85,1252.35,3123.7,2671.3
1202.35,2544.7,1537.7,932.2,1820.9,2503.55,1009.55,2124.1,8305.45,111.15,814.8,1631.1,19776.0,3259.5,333.15,2702.35,900.65,144.8,1036.35,212.65,3590.95,2593.25,1514.85,7107.2,601.9,1000.15,165.2,1234.25,3112.6,2669.1
1195.7,2524.05,1535.0,928.7,1813.55,2481.1,1001.0,2091.05,8256.8,105.0,811.0,1629.45,19897.5,3252.9,334.6,2686.3,893.2,141.3,1031.7,211.85,3552.2,2617.45,1502.4,7074.0,597.1,1000.05,165.65,1237.05,3056.05,2665.1
1147.85,2502.2,1497.05,906.6,1821.95,2483.05,995.75,2062.75,8141.6,102.25,808.65,1597.65,20132.75,3228.35,326.7,2636.85,878.9,139.8,1030.6,211.25,3541.8,2621.1,1497.1,6909.4,574.0,1001.55,163.0,1224.6,3057.9,2623.05
1180.15,2577.8,1544.3,919.55,1826.05,2483.0,1015.85,2109.95,8334.35,107.65,816.6,1612.05,20306.6,3259.7,332.45,2727.7,890.65,142.25,1039.1,215.0,3600.85,2645.35,1522.05,7012.4,593.4,1010.65,165.9,1233.95,3088.55,2644.45
1201.8,2584.5,1581.8,932.3,1814.6,2489.6,1026.05,2146.3,8350.4,109.4,814.0,1617.6,20314.2,3268.55,335.15,2757.45,892.25,143.5,1040.35,216.05,3611.05,2666.2,1509.55,6950.7,593.4,1005.6,167.95,1265.7,3069.65,2656.85
1228.65,2621.8,1615.65,949.75,1847.1,2508.15,1017.95,2163.25,8524.35,110.95,828.95,1633.4,20135.55,3243.95,340.15,2772.55,909.7,145.85,1029.7,217.3,3613.6,2674.55,1507.3,7098.0,604.45,988.35,169.75,1275.25,3082.15,2700.3
1223.55,2599.3,1619.05,946.2,1858.15,2521.8,1026.7,2184.0,8603.85,111.8,840.4,1644.75,20081.65,3202.05,340.5,2780.6,906.45,145.8,1033.25,218.9,3629.75,2718.1,1507.35,7076.0,604.45,987.95,171.8,1290.65,3080.95,2710.55
1229.55,2565.6,1587.1,935.1,1840.55,2482.85,1020.8,2175.0,8485.8,111.05,822.75,1639.65,19738.7,3240.25,335.1,2724.85,902.0,147.2,1029.65,213.2,3549.6,2671.3,1522.2,7014.1,603.35,993.65,169.8,1251.6,3055.9,2667.45
1239.6,2578.35,1604.9,938.15,1863.2,2522.7,1022.75,2177.55,8584.15,110.95,826.35,1631.8,19737.85,3305.1,338.85,2770.85,908.8,147.45,1042.35,216.35,3619.3,2663.25,1540.5,7113.9,615.95,1002.2,172.1,1286.95,3130.6,2672.35
1253.15,2615.5,1623.05,942.4,1873.2,2591.1,1065.1,2195.45,8641.6,113.05,829.2,1662.25,20063.5,3365.35,345.4,2747.35,921.75,147.6,1056.2,219.2,3652.05,2684.65,1579.4,7197.55,625.5,1000.25,171.6,1286.45,3145.95,2729.35
1234.95,2625.0,1611.45,944.6,1868.5,2575.9,1045.75,2172.9,8620.7,111.2,838.05,1648.3,20388.3,3332.1,345.6,2759.45,932.95,144.35,1044.7,216.3,3636.75,2710.3,1572.15,7225.3,616.75,994.65,169.2,1283.35,3178.5,2702.6
1206.75,2613.1,1592.1,938.65,1865.75,2584.65,1032.1,2163.7,8659.75,111.7,828.4,1643.75,20487.35,3286.45,343.2,2771.45,930.3,142.35,1028.4,215.55,3596.75,2717.25,1547.2,7146.85,613.05,987.4,168.9,1264.0,3166.35,2685.75
1202.5,2609.1,1598.6,933.7,1888.05,2615.45,1035.3,2154.05,8613.35,110.45,834.9,1631.05,20241.75,3292.75,341.4,2751.5,929.9,140.7,1027.5,217.2,3616.95,2722.25,1569.3,7077.4,616.5,992.85,169.5,1265.4,3226.95,2672.1
1190.85,2649.25,1618.6,939.35,1897.0,2583.5,1074.15,2167.7,8682.7,111.85,832.6,1619.5,19805.35,3350.55,338.4,2758.2,931.9,142.65,1101.35,217.8,3636.15,2705.45,1620.15,7179.05,611.65,980.8,170.35,1274.35,3221.45,2664.8
1164.65,2650.5,1606.7,914.65,1911.45,2596.85,1078.05,2124.0,8659.15,111.2,834.0,1610.45,19910.85,3380.6,340.1,2759.55,922.15,140.65,1105.9,221.05,3634.65,2707.35,1605.5,7162.2,607.05,1017.75,171.85,1266.6,3226.5,2659.85
1184.1,2690.2,1635.25,904.65,1935.25,2617.0,1088.8,2093.5,8717.35,112.95,833.35,1611.15,19911.1,3385.35,337.3,2798.8,922.65,142.45,1120.95,223.5,3694.8,2654.55,1612.9,7242.05,608.95,1033.55,175.2,1263.05,3161.7,2684.1
1195.5,2682.45,1634.2,899.2,1938.45,2615.65,1099.75,2085.6,8792.05,115.85,844.1,1612.95,19752.2,3425.9,336.75,2827.65,933.6,143.75,1130.85,221.9,3659.9,2619.85,1639.75,7198.6,617.3,1039.4,175.15,1259.8,3156.9,2675.8
1178.7,2722.15,1642.65,905.15,1930.8,2617.9,1114.75,2085.5,8815.85,112.0,848.65,1607.1,19751.2,3439.15,337.15,2820.45,930.6,140.9,1135.55,219.8,3659.35,2615.1,1637.9,7237.05,607.55,1040.0,172.15,1264.6,3143.45,2665.3
1173.9,2723.3,1638.8,903.85,1934.3,2638.7,1101.5,2104.25,8958.15,110.75,848.6,1619.5,20049.5,3475.65,339.55,2871.8,940.2,140.05,1136.4,221.9,3707.6,2662.85,1657.1,7274.0,608.1,1046.45,172.2,1293.45,3179.35,2700.95
1167.8,2731.35,1626.5,901.25,1947.05,2653.0,1077.0,2074.85,8974.15,107.65,848.75,1608.45,20183.85,3390.8,340.0,2851.9,952.9,141.1,1120.8,224.0,3750.7,2684.35,1634.95,7077.0,602.45,1046.05,172.2,1305.6,3175.15,2692.55
1180.6,2712.2,1632.0,892.55,1925.55,2613.75,1074.55,2050.55,8910.2,106.1,835.85,1597.85,20121.2,3397.35,342.3,2828.25,946.75,140.25,1128.95,219.35,3660.1,2634.2,1629.05,6928.9,608.55,1049.85,170.15,1257.1,3135.05,2665.25
1197.85,2707.55,1652.85,891.7,1928.15,2592.25,1077.2,2064.45,8985.4,104.9,837.4,1600.25,19815.45,3395.25,340.05,2783.5,937.4,139.6,1118.8,221.3,3676.7,2525.2,1623.4,6892.3,608.6,1034.75,170.4,1250.7,3151.2,2658.7
1187.1,2617.6,1633.7,887.75,1928.4,2595.4,1080.15,2062.75,9019.5,106.2,846.85,1617.65,19529.35,3389.65,340.3,2708.15,930.3,140.55,1128.2,220.6,3640.25,2537.45,1635.65,6874.0,607.4,1033.85,169.75,1260.8,3108.15,2681.35
1175.55,2579.1,1634.0,878.55,1944.85,2610.2,1069.3,2052.2,8967.1,105.5,848.35,1625.15,19735.45,3380.15,340.75,2673.1,938.85,139.45,1129.6,220.75,3620.15,2549.15,1629.8,6860.2,609.35,1035.1,169.5,1254.05,3115.3,2689.05
1174.35,2557.05,1636.2,874.7,1953.35,2601.75,1044.05,2025.0,8934.5,105.45,843.25,1599.15,19565.1,3308.3,339.8,2658.85,927.45,136.5,1103.4,215.15,3607.85,2507.35,1583.15,6824.05,607.65,1017.65,168.05,1235.7,3100.8,2637.45
1169.4,2565.05,1643.35,870.05,1939.75,2606.2,1050.65,2029.8,8873.75,105.2,847.6,1595.0,19613.5,3314.95,340.25,2685.45,923.7,135.2,1103.4,217.8,3619.1,2515.7,1585.05,6843.05,599.1,1010.1,167.05,1228.45,3103.85,2625.35
1139.0,2550.9,1635.85,870.05,1944.1,2573.35,1042.6,2011.45,8865.2,104.25,851.2,1597.35,19761.7,3283.5,337.2,2677.45,921.4,135.45,1095.5,219.05,3619.5,2501.4,1568.2,6754.85,598.1,1003.15,164.4,1218.25,3095.3,2618.9
1128.65,2597.65,1654.4,859.2,1959.55,2565.8,1060.85,2024.45,8848.05,105.5,837.3,1613.9,19925.1,3343.45,341.05,2723.15,920.35,141.75,1103.15,218.35,3632.95,2483.7,1593.4,6814.45,602.7,1009.6,165.85,1227.15,3095.5,2667.05
1146.5,2599.05,1664.6,858.2,1950.55,2582.0,1058.55,2029.55,8986.45,105.85,846.15,1618.15,19991.0,3349.0,343.7,2744.0,919.8,143.2,1092.55,218.3,3694.15,2460.0,1587.4,6871.85,599.05,1013.35,168.3,1259.35,3071.6,2659.25
1144.1,2592.35,1685.65,855.4,1965.9,2644.3,1066.85,2003.6,9134.95,106.55,841.2,1632.9,20097.9,3355.35,344.1,2739.45,913.6,142.9,1105.2,217.1,3747.45,2477.85,1602.8,6912.0,599.75,1018.65,169.95,1286.7,3083.05,2697.2
1152.85,2607.3,1708.5,858.65,1912.4,2656.65,1066.95,1996.55,9162.2,108.55,835.25,1619.0,20055.55,3332.6,345.25,2730.75,911.7,142.35,1103.9,216.0,3764.15,2457.5,1594.0,6964.55,600.85,1016.05,172.1,1291.7,3079.3,2675.5
1152.95,2619.05,1718.35,851.0,1922.8,2629.8,1065.35,1999.8,9152.35,108.7,821.9,1615.05,20065.2,3335.5,347.2,2688.4,894.95,139.25,1099.0,211.35,3726.0,2457.8,1585.3,6854.4,592.55,1016.9,171.45,1278.15,3053.2,2661.55
1140.0,2631.8,1719.25,850.7,1899.1,2651.8,1058.7,2011.1,9087.55,107.55,826.9,1611.15,20322.5,3315.95,356.35,2668.5,906.55,140.45,1090.65,214.05,3727.65,2503.05,1570.1,6813.2,601.3,1013.55,171.45,1287.1,3055.4,2651.7
1127.35,2572.5,1700.35,843.7,1912.15,2641.0,1021.1,1977.65,9097.25,104.7,825.75,1524.75,20175.3,3205.65,356.0,2712.5,910.7,139.85,1052.45,214.9,3724.6,2513.6,1501.95,6801.3,605.75,1010.65,172.1,1298.2,3045.15,2504.1
1149.0,2604.0,1752.7,873.7,1893.4,2718.1,1028.7,2003.5,9253.5,106.1,819.05,1508.35,20319.9,3216.05,360.7,2651.5,910.5,138.65,1053.45,218.75,3739.55,2508.8,1511.2,6903.5,615.55,1013.55,173.4,1337.55,3086.5,2503.5
1144.15,2606.6,1778.05,872.95,1882.6,2741.55,1053.5,2017.65,9333.3,106.7,822.7,1508.8,20480.25,3233.7,353.5,2621.05,917.5,138.55,1047.15,228.0,3769.85,2532.8,1507.45,6973.5,614.15,1028.35,175.85,1351.3,3103.55,2507.4
1152.7,2592.75,1800.7,868.1,1899.95,2769.7,1053.65,2015.1,9229.5,104.75,816.4,1497.15,20425.3,3217.4,353.6,2588.9,905.3,137.85,1045.35,226.15,3771.1,2520.35,1514.0,6893.05,593.95,1039.9,176.95,1338.3,3181.35,2486.65
1148.0,2555.15,1723.5,864.05,1900.15,2763.65,1052.85,2008.7,9239.1,102.0,818.65,1507.55,20423.45,3206.75,353.7,2646.35,908.65,136.4,1045.15,228.05,3773.5,2546.35,1530.75,6728.25,584.9,1044.2,178.15,1335.4,3141.3,2489.4
1138.2,2545.65,1710.4,863.55,1909.95,2728.45,1082.0,2013.3,9229.4,101.25,809.85,1514.2,20387.35,3241.7,354.65,2643.95,904.7,136.45,1045.2,233.3,3736.8,2518.3,1553.3,6779.9,573.85,1051.95,180.95,1352.35,3131.9,2508.0
1151.15,2529.85,1709.05,871.75,1909.2,2754.95,1070.9,2024.45,9454.6,101.2,835.55,1513.25,20589.95,3259.7,349.5,2673.15,908.6,135.15,1060.05,235.15,3732.7,2551.8,1573.0,6820.9,576.9,1036.6,181.8,1354.05,3159.4,2506.2
1142.65,2549.6,1687.5,906.0,1901.95,2761.5,1063.4,2023.1,9527.6,101.55,832.0,1496.7,20363.4,3193.15,348.7,2676.85,908.7,134.05,1041.15,228.15,3671.85,2550.7,1537.65,6714.95,573.8,1016.9,173.1,1348.6,3107.7,2469.8
1147.0,2526.15,1653.4,903.05,1884.25,2736.4,1048.95,1975.05,9492.55,101.6,816.85,1458.7,20282.45,3163.25,345.8,2649.85,907.85,133.7,1030.0,226.8,3670.7,2524.25,1513.25,6445.85,570.75,990.0,174.05,1311.65,3053.4,2400.45
1142.5,2451.15,1630.95,915.15,1865.0,2703.8,1075.85,1964.05,9041.95,104.2,817.1,1454.4,20133.25,3157.4,345.8,2610.75,924.4,131.8,1032.05,223.9,3622.3,2519.0,1523.95,6436.8,579.65,1011.65,170.65,1294.15,3043.45,2383.3
1137.45,2441.55,1658.55,902.85,1846.6,2670.3,1082.5,1949.1,9005.0,101.2,802.3,1450.9,20282.4,3162.1,346.3,2585.6,925.05,130.75,1026.5,218.5,3654.1,2505.4,1526.3,6415.7,578.55,991.55,169.35,1281.4,3084.9,2356.7
1145.85,2479.85,1701.8,909.45,1895.8,2683.9,1048.15,1909.75,8765.45,101.2,802.1,1461.05,20875.05,3161.7,347.7,2581.9,926.3,132.8,1031.6,218.85,3699.8,2573.1,1517.85,6394.6,570.5,987.0,166.95,1270.95,3121.65,2393.0
1142.25,2471.6,1684.45,900.4,1902.65,2665.65,1041.15,1876.75,8703.3,100.2,797.45,1438.6,20294.95,3137.4,345.6,2569.85,907.15,131.55,1027.2,217.3,3668.6,2653.9,1500.5,6362.9,560.85,977.7,165.05,1256.75,3092.4,2349.9
1159.95,2500.6,1725.7,825.85,1863.55,2631.5,1041.65,1904.15,8707.4,100.9,792.9,1448.8,20061.1,3157.3,349.7,2565.55,888.65,129.6,1017.4,217.5,3691.85,2600.9,1500.9,6302.3,555.4,980.35,166.95,1250.0,3140.9,2369.2
1218.4,2493.9,1698.8,829.85,1869.35,2644.55,1019.2,1904.9,8719.35,100.05,783.4,1458.65,19739.1,3121.85,346.35,2541.2,892.1,127.8,995.65,213.9,3655.85,2583.0,1485.45,6398.4,553.4,976.9,164.05,1248.4,3212.75,2381.8
1223.25,2451.25,1726.25,816.35,1859.7,2641.1,1019.4,1918.1,8807.35,100.65,783.15,1443.85,19387.85,3144.7,340.3,2562.0,896.9,128.7,1009.2,212.35,3611.3,2602.25,1503.7,6346.75,562.45,978.35,166.95,1253.8,3225.85,2331.65
1199.65,2408.75,1719.25,814.15,1858.15,2625.0,1023.25,1883.2,8723.8,99.55,766.0,1446.55,18920.15,3111.75,332.25,2553.7,885.2,127.8,994.6,211.85,3629.0,2590.55,1489.95,6271.5,543.65,980.0,168.45,1230.0,3197.6,2349.25
1181.6,2370.7,1688.3,800.5,1834.0,2617.8,1019.85,1911.6,8617.3,100.1,765.95,1439.0,18928.0,3099.15,332.1,2535.9,870.25,127.6,1002.55,212.65,3570.5,2575.8,1474.25,6192.0,527.2,976.3,165.1,1230.3,3185.5,2343.5
1184.25,2382.8,1681.75,802.0,1801.5,2598.65,1012.95,1876.15,8649.55,100.1,768.9,1393.6,18763.65,3103.3,328.65,2546.45,853.6,129.85,982.1,213.95,3604.8,2566.4,1419.9,6181.75,521.45,968.4,164.75,1248.2,3209.0,2283.25
1189.05,2375.25,1694.65,808.7,1810.2,2621.35,1015.9,1911.25,8686.6,100.55,775.55,1409.8,18725.4,3100.75,330.1,2550.05,868.35,131.35,952.0,215.55,3624.5,2591.35,1428.7,6177.7,533.8,955.55,165.0,1247.9,3248.2,2301.75
1164.6,2357.9,1672.65,785.55,1787.9,2624.5,1004.85,1878.95,8684.15,100.35,780.3,1400.65,18449.95,3069.55,326.3,2548.15,870.6,131.1,938.6,208.35,3528.75,2550.65,1423.8,6076.75,527.4,944.75,161.05,1229.55,3298.7,2271.25
1210.3,2405.8,1684.4,776.85,1808.25,2680.1,1029.35,1909.65,8862.4,103.2,792.35,1415.0,19119.05,3118.55,327.85,2570.5,881.75,133.25,963.25,208.95,3616.95,2605.6,1462.65,6149.9,530.75,946.05,163.95,1243.0,3277.95,2298.5
1213.4,2432.35,1699.0,755.7,1825.4,2730.5,1023.85,1924.55,8779.1,103.3,793.1,1430.8,19321.0,3064.9,334.1,2624.95,882.55,134.05,957.7,209.4,3603.55,2599.7,1451.2,6203.5,530.2,955.15,164.3,1238.85,3343.7,2326.9
1200.9,2422.1,1710.55,755.1,1818.9,2592.85,1031.3,1912.95,8703.0,103.55,788.6,1437.0,19300.15,3101.95,336.65,2646.1,885.45,132.65,964.55,206.3,3594.65,2614.0,1455.15,6287.25,537.3,953.9,162.9,1256.9,3328.95,2316.1
1219.25,2413.2,1701.15,742.8,1822.25,2585.1,1028.3,1871.55,8690.5,101.15,808.7,1453.0,19251.85,3091.15,332.85,2621.8,867.65,133.9,946.0,208.45,3579.6,2667.95,1429.4,6307.55,532.7,944.55,162.55,1260.35,3337.75,2349.45
1156.25,2369.5,1646.6,722.75,1783.9,2574.2,1005.5,1819.3,8547.0,98.35,803.35,1413.2,18992.6,2984.95,324.4,2525.55,848.35,132.4,930.25,210.8,3515.35,2622.5,1393.75,6242.55,519.75,944.5,160.35,1251.35,3302.9,2283.05
